/women-accessories,1001
/women-accessories/belts,1002
/women-accessories/caps-hats,1003
/women-accessories/hair,1004
/women-accessories/jewellery,1005
/women-accessories/jewellery/anklets-payals,1006
/women-accessories/jewellery/bangles,1007
/women-accessories/jewellery/bangles/gold,1008
/women-accessories/jewellery/bangles/non-precious-imitation,1009
/women-accessories/jewellery/bangles/semi-precious,1010
/women-accessories/jewellery/bangles/silver,1011
/women-accessories/jewellery/bracelets,1012
/women-accessories/jewellery/bracelets/gold,1013
/women-accessories/jewellery/bracelets/non-precious-imitation,1014
/women-accessories/jewellery/bracelets/semi-precious,1015
/women-accessories/jewellery/bracelets/silver,1016
/women-accessories/jewellery/brooches,1017
/women-accessories/jewellery/earrings,1018
/women-accessories/jewellery/earrings/gold,1019
/women-accessories/jewellery/earrings/non-precious-imitation,1020
/women-accessories/jewellery/earrings/semi-precious,1021
/women-accessories/jewellery/earrings/silver,1022
/women-accessories/jewellery/neckpieces,1023
/women-accessories/jewellery/neckpieces/gold,1024
/women-accessories/jewellery/neckpieces/non-precious-imitation,1025
/women-accessories/jewellery/neckpieces/semi-precious,1026
/women-accessories/jewellery/neckpieces/silver,1027
/women-accessories/jewellery/others,1028
/women-accessories/jewellery/pendants-sets,1029
/women-accessories/jewellery/pendants-sets/gold,1030
/women-accessories/jewellery/pendants-sets/non-precious-imitation,1031
/women-accessories/jewellery/pendants-sets/semi-precious,1032
/women-accessories/jewellery/pendants-sets/silver,1033
/women-accessories/jewellery/rings,1034
/women-accessories/jewellery/rings/gold,1035
/women-accessories/jewellery/rings/non-precious-imitation,1036
/women-accessories/jewellery/rings/semi-precious,1037
/women-accessories/jewellery/rings/silver,1038
/women-accessories/mobile-laptop,1039
/women-accessories/other-accessories,1040
/women-accessories/other-accessories/umbrella,1041
/women-accessories/sunglasses,1042
/women-accessories/watches,1043
/women-bags,1044
/women-bags/backpacks,1045
/women-bags/clutches,1046
/women-bags/handbags-purses,1047
/women-bags/satchels-laptop-bags,1048
/women-bags/wallets-pouches,1049
/women-beauty,1050
/women-beauty/bath-body,1051
/women-beauty/bath-body/accessories,1052
/women-beauty/bath-body/body-lotion,1053
/women-beauty/bath-body/body-oil,1054
/women-beauty/bath-body/body-treatment,1055
/women-beauty/bath-body/footcare,1056
/women-beauty/bath-body/fragrance-oil,1057
/women-beauty/bath-body/hand-nail-cream,1058
/women-beauty/bath-body/salt-bubbles,1059
/women-beauty/bath-body/scrub,1060
/women-beauty/bath-body/showergel,1061
/women-beauty/bath-body/soap,1062
/women-beauty/bath-body/talc,1063
/women-beauty/fragrances,1064
/women-beauty/fragrances/deodrants,1065
/women-beauty/fragrances/gift-sets,1066
/women-beauty/fragrances/perfumes,1067
/women-beauty/hair,1068
/women-beauty/hair/conditioner,1069
/women-beauty/hair/brush,1070
/women-beauty/hair/colour,1071
/women-beauty/hair/oil,1072
/women-beauty/hair/styling,1073
/women-beauty/hair/treatment,1074
/women-beauty/hair-removal,1075
/women-beauty/hair/shampoo,1076
/women-beauty/makeup-eye,1077
/women-beauty/makeup-eye/eyeliner,1078
/women-beauty/makeup-eye/eye-makeup-remover,1079
/women-beauty/makeup-eye/eyeshadows,1080
/women-beauty/makeup-eye/false-eyelashes,1081
/women-beauty/makeup-eye/kajal,1082
/women-beauty/makeup-eye/mascara,1083
/women-beauty/makeup-face,1084
/women-beauty/makeup-face/blush,1085
/women-beauty/makeup-face/bronzers,1086
/women-beauty/makeup-face/concealer,1087
/women-beauty/makeup-face/foundation,1088
/women-beauty/makeup-face/highlighter,1089
/women-beauty/makeup-face/powder,1090
/women-beauty/makeup-face/primer,1091
/women-beauty/makeup-lips,1092
/women-beauty/makeup-lips/lipgloss,1093
/women-beauty/makeup-lips/lipliner,1094
/women-beauty/makeup-lips/lipplumper,1095
/women-beauty/makeup-lips/lipstick,1096
/women-beauty/makeup-nail,1097
/women-beauty/makeup-nail/artificial-nails,1098
/women-beauty/makeup-nail/nail-art,1099
/women-beauty/makeup-nail/polish,1100
/women-beauty/makeup-nail/polish-remover,1101
/women-beauty/makeup-nail/top-base-coat,1102
/women-beauty/makeup-remover,1103
/women-beauty/skin,1104
/women-beauty/skin/cleanser,1105
/women-beauty/skin/facepack,1106
/women-beauty/skin/face-treatment,1107
/women-beauty/skin/facewash,1108
/women-beauty/skin/fairness,1109
/women-beauty/skin/moisturiser,1110
/women-beauty/skin/night-cream,1111
/women-beauty/skin/scrub,1112
/women-beauty/skin/serum,1113
/women-beauty/skin/sunscreen,1114
/women-beauty/skin/toner,1115
/women-clothing,1116
/women-clothing/capris,1117
/women-clothing/churidars-salwars,1118
/women-clothing/dresses,1119
/women-clothing/dupattas-scarves-shawls,1120
/women-clothing/jackets-blazers-coats,1121
/women-clothing/kurtas-kurtis,1122
/women-clothing/kurtas-kurtis/kurtas,1123
/women-clothing/kurtas-kurtis/kurtis,1124
/women-clothing/leggings-jeggings,1125
/women-clothing/leggings-jeggings/jeggings,1126
/women-clothing/leggings-jeggings/leggings,1127
/women-clothing/lingerie,1128
/women-clothing/lingerie/bras-panties,1129
/women-clothing/lingerie/nightwear,1130
/women-clothing/salwar-kameez-suits,1131
/women-clothing/sarees,1132
/women-clothing/skirts-shorts,1133
/women-clothing/skirts-shorts/shorts,1134
/women-clothing/skirts-shorts/skirts,1135
/women-clothing/tops,1136
/women-clothing/tops/tees,1137
/women-clothing/trousers-jumpsuits,1138
/women-fitness,1139
/women-fitness/clothing,1140
/women-fitness/gymnasium,1141
/women-fitness/sports,1142
/food,1143
/food/beverages,1144
/food/preservatives-jams,1145
/food/snacks,1146
/food/sweets-desserts,1147
/women-footwear,1148
/women-footwear/boots,1149
/women-footwear/flats,1150
/women-footwear/flats/ballerina,1151
/women-footwear/flats/loafers,1152
/women-footwear/flats/sandals,1153
/women-footwear/heels,1154
/women-footwear/heels/loafers,1155
/women-footwear/heels/pumps,1156
/women-footwear/heels/sandals,1157
/women-footwear/slippers-flip-flops,1158
/women-footwear/sports,1159
/gifts,1160
/home-furnishings,1161
/home-furnishings/bath,1162
/home-furnishings/bath/accessories,1163
/home-furnishings/bath/bath-towels,1164
/home-furnishings/bath/mats,1165
/home-furnishings/bath/shower-curtains,1166
/home-furnishings/bedroom,1167
/home-furnishings/bedroom/bed-linen,1168
/home-furnishings/bedroom/bed-linen/bed-sheets,1169
/home-furnishings/bedroom/bed-linen/pillows,1170
/home-furnishings/bedroom/bed-linen/quilts-throws,1171
/home-furnishings/dining-kitchen,1172
/home-furnishings/dining-kitchen/barware,1173
/home-furnishings/dining-kitchen/cookware,1174
/home-furnishings/dining-kitchen/cutlery,1175
/home-furnishings/dining-kitchen/dinner-sets,1176
/home-furnishings/dining-kitchen/glasses,1177
/home-furnishings/dining-kitchen/kitchen-accessories,1178
/home-furnishings/dining-kitchen/mugs-tea-sets,1179
/home-furnishings/dining-kitchen/serveware,1180
/home-furnishings/dining-kitchen/serveware/bowls,1181
/home-furnishings/dining-kitchen/serveware/platters,1182
/home-furnishings/dining-kitchen/serveware/trays,1183
/home-furnishings/dining-kitchen/storage,1184
/home-furnishings/dining-kitchen/table-linen-accessories,1185
/home-furnishings/dining-kitchen/table-linen-accessories/coasters,1186
/home-furnishings/dining-kitchen/table-linen-accessories/napkin-rings,1187
/home-furnishings/dining-kitchen/table-linen-accessories/table-covers,1188
/home-furnishings/dining-kitchen/table-linen-accessories/table-mats,1189
/home-furnishings/dining-kitchen/table-linen-accessories/table-napkins,1190
/home-furnishings/dining-kitchen/table-linen-accessories/table-runners,1191
/home-furnishings/kids-room,1192
/home-furnishings/kids-room/bed-linen,1193
/home-furnishings/kids-room/curtains,1194
/home-furnishings/kids-room/cushions,1195
/home-furnishings/kids-room/decor,1196
/home-furnishings/living-home-decor,1197
/home-furnishings/living-home-decor/accessories,1198
/home-furnishings/living-home-decor/art,1199
/home-furnishings/living-home-decor/candles-poutporri,1200
/home-furnishings/living-home-decor/clocks,1201
/home-furnishings/living-home-decor/curtains,1202
/home-furnishings/living-home-decor/cushions,1203
/home-furnishings/living-home-decor/lightings,1204
/home-furnishings/living-home-decor/rugs-carpets,1205
/home-furnishings/living-home-decor/small-furniture,1206
/home-furnishings/living-home-decor/table-decor,1207
/home-furnishings/living-home-decor/wall-decor,1208
/home-furnishings/outdoor,1209
/home-furnishings/outdoor/garden-accessories,1210
/home-furnishings/outdoor/garden-furniture,1211
/home-furnishings/work-nook,1212
/home-furnishings/work-nook/diaries-organisers,1213
/home-furnishings/work-nook/stationery,1214
/home-furnishings/work-nook/writing-instruments-pens-pencils,1215
/home/kids-room/accessories,1216
/clothing/bottoms,1217
/clothing/bottoms/stocking-pantyhose,1218
/clothing/bottoms/others,1219
/clothing/lingerie/sarong,1220
/clothing/lingerie/shapewear,1221
/clothing/lingerie/swimwear,1222
/clothing/lingerie/others,1223
/clothing/others,1224
/clothing/lingerie/bikini,1225
/women-clothing/lingerie/bras,1226
/clothing/lingerie/bra,1226
/clothing/lingerie/panty,1227
/clothing/cardigans-pullovers,1228
/clothing/winterwear,1230
/clothing/winterwear/jackets-blazers-coats,1232
/clothing/winterwear/shawls,1233
/clothing/winterwear/cardigans-pullovers,1234
/clothing/westernwear,1235
/clothing/westernwear/tops,1236
/clothing/westernwear/tees,1237
/clothing/westernwear/dresses,1238
/clothing/westernwear/jumpsuits,1239
/clothing/ethnic-wear,1240
/clothing/ethnic-wear/sarees,1242
/clothing/ethnic-wear/churidars-salwars,1243
/clothing/ethnic-wear/salwar-kameez-suits,1244
/clothing/ethnic-wear/kurta-kurtis,1245
/clothing/bottom-wear/capris-leggings,1246
/clothing/bottom-wear/skirts-shorts,1247
/clothing/bottom-wear/jeans-jeggings,1248
/clothing/bottom-wear/trousers,1249
/clothing/ethnic-wear/kurta-kurtis/kurtas,1250
/clothing/ethnic-wear/kurta-kurtis/kurtis,1251
/clothing/bottom-wear/capris-leggings/capris,1252
/clothing/bottom-wear/capris-leggings/leggings,1253
/clothing/bottom-wear/jeans-jeggings/jeans,1254
/clothing/bottom-wear/jeans-jeggings/jeggings,1255
/clothing/bottom-wear/skirts-shorts/skirts,1256
/clothing/bottom-wear/skirts-shorts/shorts,1257
/clothing/ethnic-wear/churidars-salwars/churidars,1258
/clothing/ethnic-wear/churidars-salwars/salwars,1259
/clothing/winterwear/jackets-blazers-coats/jackets,1260
/clothing/winterwear/jackets-blazers-coats/blazers-coats,1261
/clothing/winterwear/jackets-blazers-coats/sweetshirts,1262
/clothing/dupattas-scarves/scarves,1263
/clothing/dupattas-scarves/dupattas,1264
/,11201040
/clothing/ethnic-wear/blouses,11201041
/clothing/western-wear/tops/camisoles,11201042
/footwear/heels/wedges,11201043
/clothing/western-wear/tops/shrugs,11201044
/clothing/winter-wear/others,11201045
/clothing/western-wear/finess,11201046
/home/living-home-decor/accessories/tissue-box,11201047
/home/living-home-decor/accessories/knobs,11201048
/home/living-home-decor/accessories/key-rings,11201049
/home/living-home-decor/accessories/other,11201050
/home/living-home-decor/wall-decor/art,11201051
/home/living-home-decor/curtains/door-curtains,11201052
/home/living-home-decor/curtains/window-curtains,11201053
/home/living-home-decor/curtains/curtain-accessories,11201054
/home/living-home-decor/wall-decor/wall-stickers,11201055
/home/living-home-decor/wall-decor/decoratives-wall-hangings,11201056
/home/living-home-decor/wall-decor/posters,11201057
/home/living-home-decor/wall-decor/paintings,11201058
/home/living-home-decor/vases,11201059
/home/living-home-decor/photo-frames,11201060
/home/living-home-decor/religion-sprituality,11201061
/home/living-home-decor/decoratives,11201062
/home/living-home-decor/candles-poutporri/candles,11201063
/home/living-home-decor/candles-poutporri/candle-t-light-holders,11201064
/home/living-home-decor/candles-poutporri/fragrances-diffusers,11201065
/home/living-home-decor/candles-poutporri/potpourri,11201066
/home/table-linen-accessories,11201067
/home/work-nook/office-accessories,11201070
/home/bedroom/bed-sheets,11201071
/home/bedroom/quilts-throws-dohars,11201072
/home/bedroom/pillows,11201073
/home/table-linen-accessories/table-mats,11201074
/home/table-linen-accessories/coasters,11201075
/home/table-linen-accessories/sets,11201076
/home/table-linen-accessories/runners,11201077
/home/table-linen-accessories/napkins-napkin-rings,11201078
/home/table-linen-accessories/table-cloth,11201079
/home/bed-linen/bed-cover,11201093
/clothing/ethnic-wear/lehengas,11201095
/home/bed-linen/comforters-more/comforters,11201096
/home/bed-linen/comforters-more/quilts,11201097
/home/bed-linen/comforters-more/dohars,11201098
/home/bed-linen/comforters-more/duvet-covers,11201099
/home/bed-linen/comforters-more/throws,11201100
/home/bed-bath,11201101
/home/bed-bath/bedding,11201102
/home/bed-bath/bedding/bed-sheet-sets,11201103
/home/bed-bath/bedding/bed-sheet-sets/king-size-california-king,11201104
/home/bed-bath/bedding/bed-sheet-sets/double-size,11201105
/home/bed-bath/bedding/bed-sheet-sets/single-sheet,11201106
/home/bed-bath/bedding/duvet-covers,11201107
/home/bed-bath/bedding/comforters,11201108
/home/bed-bath/bedding/diwan-sets,11201109
/home/bed-bath/bedding/quilts-blankets,11201110
/home/bed-bath/bedding/quilts-blankets/ac-quilts-blankets,11201111
/home/bed-bath/bedding/quilts-blankets/winter-quilts-blankets,11201112
/home/bed-bath/bedding/bed-covers,11201113
/home/bed-bath/bedding/pillows-inserts,11201114
/home/bed-bath/bedding/pillows-inserts/bed-pillows,11201115
/home/bed-bath/bedding/bed-in-a-bag,11201116
/home/bed-bath/bath,11201117
/home/bed-bath/bath-linen,11201118
/home/bed-bath/bath-linen/towels,11201119
/home/bed-bath/bath-linen/towels/towel-sets,11201120
/home/bed-bath/bath-linen/towels/bath-towels,11201121
/home/bed-bath/bath-linen/towels/hand-towels,11201122
/home/bed-bath/bath-linen/towels/face-towels,11201123
/home/bed-bath/bath-linen/bath-robes,11201124
/home/bed-bath/bath-linen/bath-mats,11201125
/home/bed-bath/bath-linen/shower-curtains,11201126
/home/bed-bath/bathroom-accessories,11201127
/home/bed-bath/bathroom-accessories/laundry,11201128
/home/bed-bath/bathroom-accessories/laundry/laundry-baskets,11201129
/home/bed-bath/bathroom-accessories/laundry/cloth-dryers,11201130
/home/bed-bath/bathroom-accessories/laundry/ironing-boards,11201131
/home/bed-bath/bathroom-accessories/bathroom-sets,11201132
/home/bed-bath/bathroom-accessories/accessories,11201133
/home/bed-bath/mattresses,11201134
/home/decor,11201135
/home/decor/curtains-accessories,11201136
/home/decor/curtains-accessories/window-curtains,11201137
/home/decor/curtains-accessories/door-curtains,11201138
/home/decor/curtains-accessories/long-door-curtains,11201139
/home/decor/curtains-accessories/curtain-accessories,11201140
/home/decor/curtains-accessories/sheer-curtains,11201141
/home/decor/curtains-accessories/tiebacks,11201142
/home/decor/curtains-accessories/curtain-rods,11201143
/home/decor/cushions-throws,11201144
/home/decor/cushions-throws/cushion-covers,11201145
/home/decor/cushions-throws/cushion-covers/single-cushion-cover,11201146
/home/decor/cushions-throws/cushion-covers/set-of-2-cushion-covers,11201147
/home/decor/cushions-throws/cushion-covers/set-of-5-cushion-covers,11201148
/home/decor/cushions-throws/cushion-covers/exclusive-cushion-covers,11201149
/home/decor/cushions-throws/cushion-inserts,11201150
/home/decor/cushions-throws/filled-cushions,11201151
/home/decor/cushions-throws/throws,11201152
/home/decor/rugs-carpets,11201153
/home/decor/rugs-carpets/multipurpose-mats,11201154
/home/decor/rugs-carpets/yoga-mats,11201155
/home/decor/rugs-carpets/area-rugs,11201156
/home/decor/rugs-carpets/outdoor-rugs,11201157
/home/decor/rugs-carpets/floor-runners,11201158
/home/decor/rugs-carpets/small-rugs,11201159
/home/decor/rugs-carpets/doormats,11201160
/home/decor/clocks,11201161
/home/decor/clocks/wall-clocks,11201162
/home/decor/clocks/table-clocks,11201163
/home/decor/clocks/alarm-clocks,11201164
/home/decor/wall-decor,11201165
/home/decor/wall-decor/wall-papers,11201166
/home/decor/wall-decor/wall-papers/natural-faux,11201167
/home/decor/wall-decor/wall-papers/geometric,11201168
/home/decor/wall-decor/wall-papers/abstract,11201169
/home/decor/wall-decor/wall-papers/classic,11201170
/home/decor/wall-decor/wall-papers/contemporary,11201171
/home/decor/wall-decor/wall-papers/striped,11201172
/home/decor/wall-decor/wall-papers/floral,11201173
/home/decor/wall-decor/wall-art,11201174
/home/decor/wall-decor/wall-art/wall-hanging,11201175
/home/decor/wall-decor/wall-accents,11201176
/home/decor/wall-decor/decorative-mirrors,11201177
/home/decor/wall-decor/wall-decals-stickers,11201178
/home/decor/wall-decor/key-holders,11201179
/home/decor/wall-decor/paintings-prints,11201180
/home/decor/wall-decor/paintings-prints/paintings,11201181
/home/decor/wall-decor/paintings-prints/posters,11201182
/home/decor/photo-frames-albums,11201183
/home/decor/candles-fragrances,11201184
/home/decor/candles-fragrances/candle-holders,11201185
/home/decor/candles-fragrances/candle-holders/lanterns,11201186
/home/decor/candles-fragrances/candle-holders/candle-stands,11201187
/home/decor/candles-fragrances/candle-holders/votives-jars,11201188
/home/decor/candles-fragrances/candle-holders/hurricanes,11201189
/home/decor/candles-fragrances/candle-holders/wall-sconces,11201190
/home/decor/candles-fragrances/candle-holders/candle-bases,11201191
/home/decor/candles-fragrances/candles,11201192
/home/decor/candles-fragrances/candles/pillar-candles,11201193
/home/decor/candles-fragrances/candles/taper-candles,11201194
/home/decor/candles-fragrances/candles/tea-light-candles,11201195
/home/decor/candles-fragrances/candles/designer-candles,11201196
/home/decor/candles-fragrances/home-fragrances,11201197
/home/decor/candles-fragrances/home-fragrances/reed-diffusers,11201198
/home/decor/candles-fragrances/home-fragrances/room-freshners,11201199
/home/decor/candles-fragrances/home-fragrances/aroma-oils-burners,11201200
/home/decor/candles-fragrances/home-fragrances/incense-holders,11201201
/home/decor/candles-fragrances/home-fragrances/potpourri,11201202
/home/decor/vases-flowers,11201203
/home/decor/vases-flowers/flowers,11201204
/home/decor/vases-flowers/vases,11201205
/home/decor/vases-flowers/indoor-plants,11201206
/home/decor/handicrafts,11201207
/home/decor/home-accents,11201208
/home/decor/home-accents/rakhis,11201209
/home/decor/home-accents/games,11201210
/home/decor/home-accents/artifacts,11201211
/home/decor/home-accents/knick-knacks,11201212
/home/decor/home-accents/statues-sculptures,11201213
/home/decor/home-accents/decorative-trays-bowls,11201214
/home/decor/home-accents/desk-accessories,11201215
/home/decor/religion-spirituality,11201216
/home/decor/religion-spirituality/buddha,11201217
/home/decor/religion-spirituality/feng-shui,11201218
/home/decor/religion-spirituality/mandirs,11201219
/home/decor/religion-spirituality/figurines,11201220
/home/decor/religion-spirituality/prayer-accessories,11201221
/home/decor/garden-patio,11201222
/home/decor/garden-patio/windchimes,11201223
/home/decor/garden-patio/pots-planters,11201224
/home/decor/garden-patio/watering-cans,11201225
/home/decor/garden-patio/garden-decor,11201226
/home/decor/garden-patio/natural-plants,11201227
/home/decor/garden-patio/fountains,11201228
/home/decor/hardware,11201229
/home/decor/hardware/knobs,11201230
/home/decor/hardware/hooks,11201231
/home/decor/hardware/door-knockers,11201232
/home/decor/hardware/handles,11201233
/home/decor/other-accessories,11201234
/home/decor/other-accessories/umbrellas,11201235
/home/decor/other-accessories/skins-mousepads,11201236
/home/luggage-bags,11201237
/home/luggage-bags/handbags,11201238
/home/luggage-bags/handbags/sling-bags,11201239
/home/luggage-bags/handbags/tote-bags,11201240
/home/luggage-bags/handbags/leather-bags,11201241
/home/luggage-bags/handbags/clutches,11201242
/home/luggage-bags/handbags/wallets,11201243
/home/luggage-bags/backpacks,11201244
/home/luggage-bags/backpacks/rucksacks,11201245
/home/luggage-bags/backpacks/laptop-backpacks,11201246
/home/luggage-bags/backpacks/school-bags,11201247
/home/luggage-bags/backpacks/travel-backpacks,11201248
/home/luggage-bags/backpacks/messenger-bags,11201249
/home/luggage-bags/luggage,11201250
/home/luggage-bags/luggage/trolley-bags,11201251
/home/luggage-bags/luggage/duffle-bags,11201252
/home/luggage-bags/luggage/hard-sided,11201253
/home/luggage-bags/luggage/soft-sided,11201254
/home/luggage-bags/luggage/set-of-3,11201255
/home/luggage-bags/travel-accessories,11201256
/home/luggage-bags/business-bags,11201257
/home/luggage-bags/business-bags/laptop-bags,11201258
/home/luggage-bags/business-bags/over-nighter-bags,11201259
/home/luggage-bags/business-bags/briefcases,11201260
/home/luggage-bags/duffles-sports-bags,11201261
/home/luggage-bags/duffles-sports-bags/travel-duffle,11201262
/home/luggage-bags/duffles-sports-bags/sports-duffle,11201263
/home/luggage-bags/duffles-sports-bags/all-purpose-duffle,11201264
/home/luggage-bags/duffles-sports-bags/hiking-packs,11201265
/home/luggage-bags/cases-sleeves,11201266
/home/luggage-bags/cases-sleeves/laptop-tablet-sleeves,11201267
/home/luggage-bags/cases-sleeves/mobile-cases,11201268
/home/kitchen-dining,11201269
/home/kitchen-dining/kitchen-linen,11201270
/home/kitchen-dining/table-linen,11201271
/home/kitchen-dining/table-linen/placemats,11201272
/home/kitchen-dining/table-linen/table-cloths,11201273
/home/kitchen-dining/table-linen/napkins,11201274
/home/kitchen-dining/table-linen/table-runners,11201275
/home/kitchen-dining/table-linen/placecard-holders,11201276
/home/kitchen-dining/table-linen/aprons-potholders,11201277
/home/kitchen-dining/table-linen/kitchen-towels,11201278
/home/kitchen-dining/cookware,11201279
/home/kitchen-dining/cookware/pressure-cookers,11201280
/home/kitchen-dining/cookware/induction-cookware,11201281
/home/kitchen-dining/cookware/non-stick-cookware,11201282
/home/kitchen-dining/cookware/cookware-sets,11201283
/home/kitchen-dining/cookware/fondue-sets,11201284
/home/kitchen-dining/cookware/steamers,11201285
/home/kitchen-dining/cookware/casseroles,11201286
/home/kitchen-dining/cookware/pots-pans,11201287
/home/kitchen-dining/cookware/pots-pans/tawas,11201288
/home/kitchen-dining/cookware/pots-pans/fry-pans,11201289
/home/kitchen-dining/cookware/pots-pans/wok-pans,11201290
/home/kitchen-dining/cookware/pots-pans/sauce-saute-pans,11201291
/home/kitchen-dining/cookware/pots-pans/milk-coffee-pans,11201292
/home/kitchen-dining/bakeware,11201293
/home/kitchen-dining/bakeware/moulds,11201294
/home/kitchen-dining/bakeware/baking-dishes,11201295
/home/kitchen-dining/bakeware/baking-tools,11201296
/home/kitchen-dining/bar-drinkware,11201297
/home/kitchen-dining/bar-drinkware/everyday-glasses,11201298
/home/kitchen-dining/bar-drinkware/bar-tools,11201299
/home/kitchen-dining/bar-drinkware/bar-tools/bar-sets,11201300
/home/kitchen-dining/bar-drinkware/bar-tools/storage-buckets,11201301
/home/kitchen-dining/bar-drinkware/bar-tools/wine-racks,11201302
/home/kitchen-dining/bar-drinkware/bar-tools/bar-accessories,11201303
/home/kitchen-dining/bar-drinkware/bar-glasses,11201304
/home/kitchen-dining/bar-drinkware/bar-glasses/wine-champagne-glasses,11201305
/home/kitchen-dining/bar-drinkware/bar-glasses/beer-glasses,11201306
/home/kitchen-dining/bar-drinkware/bar-glasses/shot-glasses,11201307
/home/kitchen-dining/bar-drinkware/bar-glasses/cocktail-glasses,11201308
/home/kitchen-dining/bar-drinkware/bar-glasses/whisky-glasses,11201309
/home/kitchen-dining/bar-drinkware/bar-glasses/stemware,11201310
/home/kitchen-dining/bar-drinkware/pitchers-decanters,11201311
/home/kitchen-dining/bar-drinkware/pitchers-decanters/decanters,11201312
/home/kitchen-dining/bar-drinkware/hookahs,11201313
/home/kitchen-dining/bar-drinkware/travel-mugs,11201314
/home/kitchen-dining/bar-drinkware/drinking-sets,11201315
/home/kitchen-dining/kitchen-accessories,11201316
/home/kitchen-dining/cooktops-burners,11201317
/home/kitchen-dining/cooktops-burners/metal-tops,11201318
/home/kitchen-dining/cooktops-burners/built-in-hobs,11201319
/home/kitchen-dining/cooktops-burners/glass-tops,11201320
/home/kitchen-dining/glassware,11201321
/home/kitchen-dining/food,11201322
/home/kitchen-dining/home-improvement,11201323
/home/kitchen-dining/kitchen-tools,11201324
/home/kitchen-dining/kitchen-tools/tool-sets,11201325
/home/kitchen-dining/kitchen-tools/scissors,11201326
/home/kitchen-dining/kitchen-tools/openers,11201327
/home/kitchen-dining/kitchen-tools/tongs-ladles,11201328
/home/kitchen-dining/kitchen-tools/rolling-pins-belan-boards-chakla,11201329
/home/kitchen-dining/kitchen-tools/pourer-shakers-dispensers,11201330
/home/kitchen-dining/kitchen-tools/silicon-tools,11201331
/home/kitchen-dining/kitchen-tools/non-stick-tools,11201332
/home/kitchen-dining/kitchen-tools/mixing-bowls-measuring-cups,11201333
/home/kitchen-dining/kitchen-tools/grill-tools,11201334
/home/kitchen-dining/kitchen-tools/knives,11201335
/home/kitchen-dining/kitchen-tools/choppers-graters-peelers,11201336
/home/kitchen-dining/kitchen-tools/cutting-boards,11201337
/home/kitchen-dining/kitchen-tools/colanders-strainers,11201338
/home/kitchen-dining/kitchen-tools/other-tools,11201339
/home/kitchen-dining/cooking-range,11201340
/home/kitchen-dining/tableware,11201341
/home/kitchen-dining/tableware/table-accessories,11201342
/home/kitchen-dining/tableware/table-accessories/random,11201343
/home/kitchen-dining/tableware/table-accessories/napkin-holders,11201344
/home/kitchen-dining/tableware/cutlery,11201345
/home/kitchen-dining/tableware/cutlery/table-knives,11201346
/home/kitchen-dining/tableware/cutlery/cutlery-sets,11201347
/home/kitchen-dining/tableware/cutlery/forks,11201348
/home/kitchen-dining/tableware/cutlery/spoons,11201349
/home/kitchen-dining/tableware/dinner-sets,11201350
/home/kitchen-dining/tableware/table-baskets,11201351
/home/kitchen-dining/tableware/loose-dinnerware,11201352
/home/kitchen-dining/tableware/loose-dinnerware/other-kitchen-essentials,11201353
/home/kitchen-dining/tableware/loose-dinnerware/bowls,11201354
/home/kitchen-dining/tableware/loose-dinnerware/plates,11201355
/home/kitchen-dining/tableware/serving-platters,11201356
/home/kitchen-dining/tableware/serving-sets,11201357
/home/kitchen-dining/tableware/trays,11201358
/home/kitchen-dining/tableware/coasters-trivets,11201359
/home/kitchen-dining/kitchen-storage,11201360
/home/kitchen-dining/kitchen-storage/thermoware,11201361
/home/kitchen-dining/kitchen-storage/salt-pepper-shakers,11201362
/home/kitchen-dining/kitchen-storage/lunch-boxes,11201363
/home/kitchen-dining/kitchen-storage/lunch-bags,11201364
/home/kitchen-dining/kitchen-storage/containers,11201365
/home/kitchen-dining/kitchen-storage/containers/container-sets,11201366
/home/kitchen-dining/kitchen-storage/containers/lock-storage,11201367
/home/kitchen-dining/kitchen-storage/containers/airtight-storage,11201368
/home/kitchen-dining/kitchen-storage/bottles-jugs,11201369
/home/kitchen-dining/kitchen-storage/canisters-jars,11201370
/home/kitchen-dining/kitchen-storage/food-storage,11201371
/home/kitchen-dining/kitchen-storage/racks-holders,11201372
/home/kitchen-dining/kitchen-storage/racks-holders/spice-racks,11201373
/home/kitchen-dining/kitchen-storage/racks-holders/cutlery-racks,11201374
/home/kitchen-dining/kitchen-storage/racks-holders/pot-utensils-racks,11201375
/home/kitchen-dining/kitchen-storage/racks-holders/toothpick-holders,11201376
/home/kitchen-dining/coffee-tea,11201377
/home/kitchen-dining/coffee-tea/coffee-tea-accessories,11201378
/home/kitchen-dining/coffee-tea/coffee-tea-sets,11201379
/home/kitchen-dining/coffee-tea/mugs,11201380
/home/kitchen-dining/coffee-tea/cups,11201381
/home/kitchen-dining/coffee-tea/pots-creamers,11201382
/home/kitchen-dining/coffee-tea/kettles,11201383
/home/kitchen-dining/cleaning-household,11201384
/home/kitchen-dining/cleaning-household/cleaning,11201385
/home/kitchen-dining/cleaning-household/households,11201386
/home/bed-bath/mattresses/mattress-protector,11201387
/home/bed-bath/mattresses/mattress-topper,11201388
/home/decor/lighting,11201389
/home/decor/lighting/table-lamps,11201390
/home/decor/lighting/table-lamps/study,11201391
/home/decor/lighting/table-lamps/decorative,11201392
/home/decor/lighting/floor-lamps,11201393
/home/decor/lighting/outdoor-lights,11201394
/home/decor/lighting/ceiling-lights,11201395
/home/decor/lighting/wall-lights,11201396
/home/decor/lighting/string-lights,11201397
/home/decor/furniture,11201398